<news>
  <item date="13-July-2012" author="Richard"
    title="pyglet 1.2 alpha released">
    The major <a href="download.html">1.2alpha1</a> release brings pyglet to
    Python 3. Pyglet now also runs on 64-bit operating systems Linux, Windows
    and OS X. The OS X layer switched to using Cocoa. There's also a load
    of bug fixes, updates to the OpenGL wrappers and other minor new
    improvements. Thanks to the pyglet community for all your effort in getting
    this release out.
  </item>
  <item date="7-January-2010" author="Richard"
    title="pyglet 1.1.4 released">
    <a href="download.html">pyglet 1.1.4</a> has been released, including
    several important bug fixes. Thanks to the pyglet community for all
    your effort in getting this release out.
  </item>
  <item date="6-February-2009" author="Alex"
        title="New pyglet.org hosting">
    Thanks to the support of the good people at <a
    href="http://tummy.com">tummy</a>, pyglet.org now has reliable, fast
    hosting.  If you can read this, your DNS is pointing in the right
    direction :-)
  </item>
  <item date="4-October-2008" author="Alex"
        title="pyglet 1.1.2 released">
    <a href="download.html">pyglet 1.1.2</a> has been released, including
    several important bug fixes and installation support for Python 2.6.
  </item>
  <item date="26-August-2008" author="Alex"
        title="pyglet 1.1.1 released">
    pyglet 1.1.1 includes several critical bug fixes.  We
    recommend all users <a href="download.html">download</a> the latest
    runtime or source package.  No changes have been made to the
    documentation or API in this release.
  </item>
  <item date="5-August-2008" author="Alex"
        title="pyglet 1.1 released">
    The <a href="download.html">final release</a> of pyglet 1.1 has been
    released.  pyglet 1.1 is backward compatible with pyglet 1.0 and
    introduces many new features such as formatted text rendering, animated
    GIF support, fast sprite rendering, resource loading and a managed event
    loop.  Please see the <a
    href="doc/programming_guide/appendix_migrating_to_pyglet_1_1.html">migration
    guide</a> for all the details.
  </item>
  <item date="6-June-2008" author="Alex"
        title="pyglet 1.1 beta 2 released">
    pyglet 1.1 beta 2 is now available.  This release fixes many bugs from
    the previous release and introduces some minor incompatible API changes in
    the <tt>pyglet.text</tt> module.  The new text layout features are now 
    <a href="http://pyglet.org/doc/1.1">documented</a> in the Programming
    Guide.  Windows, Mac and source downloads are available from the <a
    href="http://code.google.com/p/pyglet/downloads/list?q=1.1beta2">download
    server</a>.  The latest Windows and Mac installation packs also include
    the latest <a href="http://code.google.com/p/avbin">AVbin</a> library.
  </item>
  <item date="19-April-2008" author="Alex"
        title="pyglet 1.1 beta 1 released">
    pyglet 1.1 has hit the beta milestone, which means the API is very
    unlikely to change and the feature set has been frozen.  We'd like you
    to try this version out for compatibility, and you might also enjoy
    the new features.  This release is available in both source and
    Windows and Mac OS X installer forms.  These installers also bundle
    the very-recently-released AVbin version 3.  All distributions are
    available from the 
    <a href="http://code.google.com/p/pyglet/downloads/list?q=1.1beta1">download
    server</a>.  The latest documentation is available for download and
    <a href="http://pyglet.org/doc/1.1">online</a>.
  </item>
  <item date="23-March-2008" author="Alex"
        title="pyglet 1.1 alpha 2 released">
    This is a bug-fixing and documentation release.  Lots of bugs introduced
    with the pyglet 1.1 features have been squashed, and all the new features
    are now extensively documented in both the API Reference and Programming
    Guide.  If you'd like to join the testing effort, please head on over
    to the <a
    href="http://code.google.com/p/pyglet/downloads/list?q=1.1alpha2">download
    server</a> to grab a source or egg release.  The <a
    href="http://pyglet.org/doc/1.1">new documentation</a> is also available
    online.
  </item>
  <item date="1-March-2008" author="Alex"
        title="pyglet 1.1 alpha 1 released">
    pyglet 1.1 alpha 1 adds more features than any previous release, including
    fast graphics routines, formatted text layout, animated GIF support,
    resource loading, and even some bug fixes.  If you're not working in a
    production environment and can afford some instability, go straight to the
    <a href="http://code.google.com/p/pyglet/downloads/list?q=1.1alpha1">
    download server</a> to grab a source or egg release, and start reading up
    on all the
    <a href="http://pyglet.org/doc/1.1/programming_guide/appendix_migrating_to_pyglet_1_1.html">new features</a>.
  </item>
  <item date="11-February-2008" author="Alex"
        title="Patch for Python2.5 egg">
    The pyglet-1.0-py2.5.egg distribution was inadvertently built for Python
    2.5b3.  <a
    href="http://code.google.com/p/pyglet/downloads/detail?name=pyglet-1.0.2-py2.5.egg">pyglet-1.0.2-py2.5.egg</a>,
    correctly built for Python 2.5, is now available.
  </item>
  <item date="21-January-2008" author="Alex"
        title="Patch for OS X installer">
    Some Mac users had problems with the pyglet-1.0 OS X runtime installer.  A
    <a
    href="http://code.google.com/p/pyglet/downloads/detail?name=pyglet-1.0.1.dmg">new
    OS X distribution</a> is now available that resolves the issue.  This is
    tagged version 1.0.1, though there are no additional changes from 1.0
    beyond the installation procedure.
  </item>
  <item date="17-January-2008" author="Alex"
        title="pyglet 1.0 released">
    <a href="download.html">pyglet 1.0</a> has been uploaded.  Thanks to
    the efforts of over 1000 Beta testers, we can confidently say that pyglet
    works across a large variety of hardware running numerous configurations
    of Linux, Windows XP and Mac OS X.  Please join the release party on the
    <a href="http://groups.google.com/group/pyglet-users">mailing list</a>
    for support and friendly advice.
  </item>
  <item date="8-December-2007" author="Alex"
        title="pyglet 1.0 beta 3 released">
    Get your hands on the latest <a href="download.html">Beta release</a>.
    OS X users will be pleased by the installer improvements.  Windows
    users will be pleased by the improved font rendering.  All users will
    enjoy the multide of miscellaneous fixes to the library code.
  </item>
  <item date="12-November-2007" author="Alex"
        title="pyglet 1.0 beta 2 released">
    This <a href="download.html">latest beta release</a> fixes a serious
    Windows installer bug and contains several other critical patches for
    Windows and Linux users on some systems.
  </item>
  <item date="6-November-2007" author="Alex"
        title="pyglet 1.0 beta 1 released">
    The Beta release is now available from the <a
    href="download.html">downloads</a> page.  This release contains hundreds
    of bug fixes from the previous release, new audio drivers for Windows
    and Linux, and greater platform compatibility.
  </item>
  <item date="18-August-2007" author="Alex"
        title="pyglet 1.0 alpha 2 released">
    This alpha release fixes many bugs, includes a new audio and video
    implementation, and introduces the pyglet Programming Guide.  See the <a
    href="download.html">downloads</a> page to grab your copy.
  </item>
  <item date="9-July-2007" author="Alex"
        title="FAQ, user pages and developer wiki ready">
    The <a href="http://groups.google.com/group/pyglet-users/web/faq">FAQ</a>
    has been moved to a more permanent home where all pyglet-users members can
    contribute.  The <a
    href="http://code.google.com/p/pyglet/w/list">development wiki</a> has
    been moved to Google to make room for some forthcoming documentation.
    <p>We'd also like to point you in the direction of the <a
    href="http://groups.google.com/group/pyglet-users/web">user web
    pages</a> that can be created within the pyglet-users group.  Screenshots
    from these pages will soon be appearing on pyglet.org.</p>
  </item>
  <item date="27-June-2007" author="Alex" 
        title="pyglet 1.0 alpha released">
    This alpha release is feature complete on Linux, with only some audio and
    video issues remaining on Windows and Mac OS X.  You can start developing
    pyglet applications by downloading the SDK.
  </item>
  <item date="29-March-2007" author="Alex"
        title="Approaching Beta">
    Some major package reorganisation during the past few weeks has cleaned up
    the code base and put us on track for a Beta release in the next couple of
    months.  Work has begun on the audio and video modules, which will provide
    surround sound and support for as many codecs as you have installed.
  </item> 
</news>
